{
  "numeric": [
    "F115",
    "F321",
    "F527",
    "F531",
    "F670",
    "F1692",
    "F2082",
    "F2122",
    "F2582",
    "F2678",
    "F2737",
    "F2956",
    "F3043",
    "F3836",
    "F3887",
    "F3894"
  ],
  "categorical": [
    "F3889",
    "F3891"
  ],
  "categories": {
    "F3889": [
      "G365D",
      "L14D",
      "L180D",
      "L31D",
      "L365D",
      "L7D",
      "L90D"
    ],
    "F3891": [
      "agriculture",
      "housewife",
      "others",
      "retired",
      "salaried",
      "selfemployed",
      "student"
    ]
  },
  "stats": {
    "F115": {
      "min": 0.0,
      "max": 1.0,
      "mean": 0.5917
    },
    "F321": {
      "min": 0.0,
      "max": 10.6,
      "mean": 1.1523
    },
    "F527": {
      "min": 0.0,
      "max": 48.42,
      "mean": 1.0004
    },
    "F531": {
      "min": 0.0,
      "max": 20.96,
      "mean": 1.4388
    },
    "F670": {
      "min": 0.0,
      "max": 1.0,
      "mean": 0.0916
    },
    "F1692": {
      "min": 0.0,
      "max": 14.0,
      "mean": 0.2597
    },
    "F2082": {
      "min": 0.0,
      "max": 1.0,
      "mean": 0.0207
    },
    "F2122": {
      "min": 0.0,
      "max": 1.0,
      "mean": 0.0453
    },
    "F2582": {
      "min": -0.88,
      "max": 18.89,
      "mean": 0.0765
    },
    "F2678": {
      "min": -0.91,
      "max": 1626943.59,
      "mean": 348.748
    },
    "F2737": {
      "min": -0.94,
      "max": 1707.6,
      "mean": 0.3003
    },
    "F2956": {
      "min": 0.0,
      "max": 11548.0,
      "mean": 132.7221
    },
    "F3043": {
      "min": 0.0,
      "max": 21819.0,
      "mean": 232.0126
    },
    "F3836": {
      "min": -20282842662.0,
      "max": 16155853640.0,
      "mean": -48491501.8825
    },
    "F3887": {
      "min": 0.0,
      "max": 1510.0,
      "mean": 103.817
    },
    "F3894": {
      "min": -2.0,
      "max": 94.0,
      "mean": 34.3147
    }
  },
  "sample_legit": {
    "F115": 0.53,
    "F321": 1.09,
    "F527": 1.32,
    "F531": 1.12,
    "F670": 1.0,
    "F1692": 1.0,
    "F2082": 0.0,
    "F2122": 0.009090909,
    "F2582": -0.08,
    "F2678": null,
    "F2737": -0.16,
    "F2956": 36.0,
    "F3043": null,
    "F3836": 29814.53,
    "F3887": 170.0,
    "F3889": "G365D",
    "F3891": "selfemployed",
    "F3894": 30.0
  },
  "sample_mule": {
    "F115": 0.69,
    "F321": 1.31,
    "F527": 1.24,
    "F531": 1.24,
    "F670": 0.0,
    "F1692": 0.0,
    "F2082": 0.0,
    "F2122": 0.003597122,
    "F2582": -0.09,
    "F2678": 0.06,
    "F2737": -0.27,
    "F2956": 191.0,
    "F3043": 277.0,
    "F3836": 586038.08,
    "F3887": 167.0,
    "F3889": "G365D",
    "F3891": "salaried",
    "F3894": 39.0
  }
}