{
  "config": {
    "n_splits": 5,
    "n_repeats": 5,
    "alert_budget": 0.01,
    "seed": 42,
    "leakage_threshold": 0.985
  },
  "leakage_flagged": [
    "F2230",
    "F3912"
  ],
  "cv_results": {
    "key18_lgbm_weighted": {
      "pr_auc": {
        "mean": 0.31330645656972306,
        "std": 0.10258176231334475,
        "p2.5": 0.13609677165625428,
        "p97.5": 0.5060483455186899
      },
      "roc_auc": {
        "mean": 0.8764314969352537,
        "std": 0.05024716355793037,
        "p2.5": 0.7851527777777778,
        "p97.5": 0.947625816993464
      },
      "precision_at_budget": {
        "mean": 0.2866666666666667,
        "std": 0.09168069477397454,
        "p2.5": 0.1111111111111111,
        "p97.5": 0.4555555555555553
      },
      "recall_at_budget": {
        "mean": 0.3186764705882353,
        "std": 0.10199980988629184,
        "p2.5": 0.12205882352941176,
        "p97.5": 0.5124999999999997
      },
      "lift_at_budget": {
        "mean": 32.15778594771242,
        "std": 10.29185982468916,
        "p2.5": 12.316993464052286,
        "p97.5": 51.72013888888886
      }
    },
    "key18_lgbm_smote": {
      "pr_auc": {
        "mean": 0.22803546134497146,
        "std": 0.09994461145454864,
        "p2.5": 0.05988696216528093,
        "p97.5": 0.3918824522448944
      },
      "roc_auc": {
        "mean": 0.8686649844131619,
        "std": 0.04614687642143074,
        "p2.5": 0.7942708333333334,
        "p97.5": 0.9409084967320261
      },
      "precision_at_budget": {
        "mean": 0.24666666666666665,
        "std": 0.09498754520912711,
        "p2.5": 0.05555555555555555,
        "p97.5": 0.35555555555555546
      },
      "recall_at_budget": {
        "mean": 0.27338235294117647,
        "std": 0.1034262904150565,
        "p2.5": 0.0625,
        "p97.5": 0.3897058823529411
      },
      "lift_at_budget": {
        "mean": 27.58767973856209,
        "std": 10.4377396022356,
        "p2.5": 6.307638888888889,
        "p97.5": 39.32614379084966
      }
    },
    "full_lgbm_weighted": {
      "pr_auc": {
        "mean": 0.8258137942755698,
        "std": 0.08212790037953469,
        "p2.5": 0.6997543598606079,
        "p97.5": 0.961614731750581
      },
      "roc_auc": {
        "mean": 0.9768648152986903,
        "std": 0.018359932824323636,
        "p2.5": 0.9485816993464052,
        "p97.5": 0.9988280228758171
      },
      "precision_at_budget": {
        "mean": 0.7155555555555556,
        "std": 0.08534606386520675,
        "p2.5": 0.5555555555555556,
        "p97.5": 0.8555555555555555
      },
      "recall_at_budget": {
        "mean": 0.7945588235294119,
        "std": 0.08783431150406605,
        "p2.5": 0.625,
        "p97.5": 0.9389705882352941
      },
      "lift_at_budget": {
        "mean": 80.18018790849673,
        "std": 8.866828486871205,
        "p2.5": 63.05555555555555,
        "p97.5": 94.75261437908496
      }
    },
    "full_xgb_weighted": {
      "pr_auc": {
        "mean": 0.8925760038223228,
        "std": 0.056544555145495036,
        "p2.5": 0.799984103218704,
        "p97.5": 0.9861344537815127
      },
      "roc_auc": {
        "mean": 0.9809881704245643,
        "std": 0.019659951792704716,
        "p2.5": 0.9502777777777778,
        "p97.5": 0.9997843137254903
      },
      "precision_at_budget": {
        "mean": 0.7755555555555556,
        "std": 0.07078338834672739,
        "p2.5": 0.6666666666666666,
        "p97.5": 0.911111111111111
      },
      "recall_at_budget": {
        "mean": 0.8613235294117648,
        "std": 0.06915218682247058,
        "p2.5": 0.7323529411764707,
        "p97.5": 0.9647058823529411
      },
      "lift_at_budget": {
        "mean": 86.91735294117647,
        "std": 6.982418565758865,
        "p2.5": 73.90196078431372,
        "p97.5": 97.38169934640523
      }
    }
  },
  "shap_discovery": {
    "top30_features": [
      {
        "feature": "F3898",
        "mean_abs_shap": 1.6381841897964478,
        "in_bank_key18": false
      },
      {
        "feature": "F3914",
        "mean_abs_shap": 0.666803240776062,
        "in_bank_key18": false
      },
      {
        "feature": "F3908",
        "mean_abs_shap": 0.48645490407943726,
        "in_bank_key18": false
      },
      {
        "feature": "F3484",
        "mean_abs_shap": 0.29145634174346924,
        "in_bank_key18": false
      },
      {
        "feature": "F3922",
        "mean_abs_shap": 0.22382999956607819,
        "in_bank_key18": false
      },
      {
        "feature": "F3805",
        "mean_abs_shap": 0.16068929433822632,
        "in_bank_key18": false
      },
      {
        "feature": "F3841",
        "mean_abs_shap": 0.15296310186386108,
        "in_bank_key18": false
      },
      {
        "feature": "F3811",
        "mean_abs_shap": 0.14660869538784027,
        "in_bank_key18": false
      },
      {
        "feature": "F2581",
        "mean_abs_shap": 0.14591334760189056,
        "in_bank_key18": false
      },
      {
        "feature": "F270",
        "mean_abs_shap": 0.1422249674797058,
        "in_bank_key18": false
      },
      {
        "feature": "F1921",
        "mean_abs_shap": 0.13291436433792114,
        "in_bank_key18": false
      },
      {
        "feature": "F3534",
        "mean_abs_shap": 0.12599532306194305,
        "in_bank_key18": false
      },
      {
        "feature": "F3812",
        "mean_abs_shap": 0.12367954850196838,
        "in_bank_key18": false
      },
      {
        "feature": "F3105",
        "mean_abs_shap": 0.12216217070817947,
        "in_bank_key18": false
      },
      {
        "feature": "F3807",
        "mean_abs_shap": 0.11970385164022446,
        "in_bank_key18": false
      },
      {
        "feature": "F366",
        "mean_abs_shap": 0.11583628505468369,
        "in_bank_key18": false
      },
      {
        "feature": "F3873",
        "mean_abs_shap": 0.11459358036518097,
        "in_bank_key18": false
      },
      {
        "feature": "F3810",
        "mean_abs_shap": 0.1121959537267685,
        "in_bank_key18": false
      },
      {
        "feature": "F119",
        "mean_abs_shap": 0.11041713505983353,
        "in_bank_key18": false
      },
      {
        "feature": "F364",
        "mean_abs_shap": 0.10771811753511429,
        "in_bank_key18": false
      },
      {
        "feature": "F3493",
        "mean_abs_shap": 0.1020687147974968,
        "in_bank_key18": false
      },
      {
        "feature": "F949",
        "mean_abs_shap": 0.10059227794408798,
        "in_bank_key18": false
      },
      {
        "feature": "F126",
        "mean_abs_shap": 0.09887424111366272,
        "in_bank_key18": false
      },
      {
        "feature": "F3108",
        "mean_abs_shap": 0.09517084062099457,
        "in_bank_key18": false
      },
      {
        "feature": "F148",
        "mean_abs_shap": 0.09357191622257233,
        "in_bank_key18": false
      },
      {
        "feature": "F2029",
        "mean_abs_shap": 0.08751800656318665,
        "in_bank_key18": false
      },
      {
        "feature": "F1705",
        "mean_abs_shap": 0.08708081394433975,
        "in_bank_key18": false
      },
      {
        "feature": "F3806",
        "mean_abs_shap": 0.08502128720283508,
        "in_bank_key18": false
      },
      {
        "feature": "F62",
        "mean_abs_shap": 0.08336874097585678,
        "in_bank_key18": false
      },
      {
        "feature": "F631",
        "mean_abs_shap": 0.07918194681406021,
        "in_bank_key18": false
      }
    ],