{
  "alert": 0.05604997615066722,
  "borderline": 0.0037663798768931564
}